model,set,roc_auc_mean,average_precision_mean,f1_mean,mcc_mean,roc_auc_sd,average_precision_sd,f1_sd,mcc_sd
knn,cat_1,0.790770,0.536571,0.674717,0.586241,0.043591,0.057583,0.055124,0.067816
knn,cat_1_2,0.717950,0.348388,0.515843,0.370965,0.026581,0.022118,0.024785,0.042272
knn,cat_1_2_3,0.695394,0.327427,0.492692,0.342355,0.011985,0.009014,0.010631,0.021045
knn,cat_1_2_sd,0.706207,0.335882,0.502427,0.357869,0.011918,0.008352,0.009584,0.018500
knn,cat_1_sd,0.815448,0.535972,0.687507,0.591288,0.042680,0.068643,0.060832,0.083004
knn,complete,0.693408,0.325622,0.490701,0.341702,0.013782,0.009883,0.011557,0.022113
lgbm,cat_1,0.797553,0.558465,0.689686,0.608069,0.049037,0.075230,0.066003,0.084871
lgbm,cat_1_2,0.809186,0.452635,0.622833,0.521637,0.029754,0.041469,0.038138,0.053599
lgbm,cat_1_2_3,0.783448,0.414135,0.586148,0.475117,0.015491,0.013931,0.014131,0.025339
lgbm,cat_1_2_sd,0.781368,0.415385,0.586950,0.472721,0.023658,0.029187,0.029030,0.041685
lgbm,cat_1_sd,0.836389,0.563158,0.714146,0.626688,0.024644,0.041878,0.033086,0.044531
lgbm,complete,0.764860,0.391112,0.561927,0.445510,0.028704,0.028056,0.028501,0.046517
lr,cat_1,0.829217,0.532968,0.691891,0.597306,0.016253,0.032922,0.026775,0.035965
lr,cat_1_2,0.794912,0.441787,0.613118,0.499911,0.020545,0.025593,0.025369,0.036843
lr,cat_1_2_3,0.785764,0.429445,0.601044,0.483102,0.021326,0.025033,0.025304,0.037484
lr,cat_1_2_sd,0.796415,0.442957,0.614116,0.502105,0.023838,0.028181,0.027950,0.041721
lr,cat_1_sd,0.829417,0.513933,0.677562,0.582079,0.018292,0.026546,0.022718,0.031776
lr,complete,0.789802,0.434431,0.605768,0.490188,0.024844,0.029065,0.029058,0.043467
nb,cat_1,0.805182,0.477006,0.643514,0.533947,0.034988,0.050143,0.046145,0.065285
nb,cat_1_2,0.779607,0.413604,0.585537,0.469170,0.017893,0.019651,0.020021,0.030892
nb,cat_1_2_3,0.769243,0.401195,0.572985,0.451139,0.015929,0.015160,0.015831,0.026958
nb,cat_1_2_sd,0.786211,0.421682,0.593468,0.480906,0.020458,0.023478,0.023329,0.035577
nb,cat_1_sd,0.814884,0.476034,0.644701,0.541394,0.025196,0.034209,0.031387,0.044661
nb,complete,0.773049,0.406089,0.577906,0.457756,0.018650,0.018652,0.019489,0.031562
rf,cat_1,0.809316,0.559823,0.700175,0.613938,0.030546,0.047732,0.040889,0.053935
rf,cat_1_2,0.762533,0.390819,0.561755,0.440844,0.027426,0.026203,0.027891,0.045038
rf,cat_1_2_3,0.732191,0.358866,0.527531,0.396997,0.030727,0.026669,0.029370,0.046823
rf,cat_1_2_sd,0.743501,0.368062,0.537601,0.414825,0.026321,0.025388,0.027047,0.041228
rf,cat_1_sd,0.829045,0.540331,0.696082,0.604473,0.026206,0.031371,0.026160,0.037388
rf,complete,0.704883,0.334998,0.501204,0.357365,0.024701,0.017850,0.020701,0.037334
svm,cat_1,0.815388,0.563569,0.704444,0.618690,0.039626,0.057034,0.051486,0.067301
svm,cat_1_2,0.735167,0.361680,0.530763,0.399189,0.024066,0.020646,0.022680,0.039402
svm,cat_1_2_3,0.717299,0.345615,0.512797,0.374233,0.030014,0.023216,0.026346,0.048387
svm,cat_1_2_sd,0.736609,0.362123,0.531277,0.403103,0.025669,0.021683,0.023847,0.040228
svm,cat_1_sd,0.836441,0.547579,0.703104,0.614107,0.027506,0.034293,0.029876,0.039678
svm,complete,0.662145,0.309957,0.470884,0.298931,0.066861,0.043091,0.051368,0.092877
xgb,cat_1,0.783380,0.571177,0.689170,0.618731,0.026123,0.060513,0.046716,0.060413
xgb,cat_1_2,0.757576,0.383958,0.554945,0.435279,0.018593,0.019823,0.020898,0.026784
xgb,cat_1_2_3,0.758959,0.387189,0.557945,0.436352,0.029302,0.027923,0.029599,0.045229
xgb,cat_1_2_sd,0.724839,0.353057,0.520909,0.387858,0.036178,0.032647,0.036002,0.053412
xgb,cat_1_sd,0.827058,0.596409,0.729783,0.651821,0.038766,0.064653,0.052224,0.066287
xgb,complete,0.704318,0.334498,0.500578,0.360594,0.029258,0.023989,0.026998,0.042893
