set,model,roc_auc_mean,average_precision_mean,precision_at_k_mean,mcc_mean,f1_mean,roc_auc_legacy_mean,ap_legacy_mean,roc_auc_sd,average_precision_sd,precision_at_k_sd,mcc_sd,f1_sd,roc_auc_legacy_sd,ap_legacy_sd,thesis_roc_auc_mean,thesis_average_precision_mean,thesis_mcc_mean
cat_1,knn,0.9014,0.7441,0.7099,0.6128,0.6956,0.7997,0.5658,0.0358,0.0754,0.0711,0.1019,0.0829,0.0564,0.0915,0.7908,0.5366,0.5862
cat_1,lr,0.9097,0.7651,0.7142,0.5990,0.6937,0.8299,0.5363,0.0155,0.0582,0.0471,0.0601,0.0434,0.0332,0.0507,0.8292,0.5330,0.5973
cat_1,nb,0.8395,0.5232,0.5486,0.5496,0.6534,0.8154,0.4869,0.0300,0.0467,0.0471,0.0550,0.0381,0.0325,0.0420,0.8052,0.4770,0.5339
cat_1,svm,0.9037,0.7597,0.7185,0.6168,0.7071,0.8235,0.5591,0.0194,0.0560,0.0520,0.0573,0.0426,0.0243,0.0542,0.8154,0.5636,0.6187
cat_1_2,knn,0.8938,0.7144,0.6668,0.4612,0.5722,0.7747,0.4008,0.0241,0.0521,0.0616,0.0380,0.0227,0.0233,0.0219,0.7179,0.3484,0.3710
cat_1_2,lr,0.8943,0.7350,0.6883,0.5002,0.6132,0.7948,0.4417,0.0213,0.0665,0.0558,0.0195,0.0110,0.0130,0.0114,0.7949,0.4418,0.4999
cat_1_2,nb,0.8008,0.4488,0.4610,0.4760,0.5896,0.7832,0.4181,0.0219,0.0320,0.0342,0.0391,0.0280,0.0218,0.0285,0.7796,0.4136,0.4692
cat_1_2,svm,0.9035,0.7429,0.7057,0.5549,0.6522,0.8249,0.4841,0.0278,0.0796,0.0602,0.0496,0.0311,0.0298,0.0335,0.7352,0.3617,0.3992
cat_1_2_3,knn,0.8900,0.7108,0.6622,0.4184,0.5394,0.7461,0.3692,0.0283,0.0566,0.0675,0.0121,0.0072,0.0079,0.0067,0.6954,0.3274,0.3424
cat_1_2_3,lr,0.8939,0.7315,0.6840,0.5107,0.6188,0.8016,0.4475,0.0227,0.0716,0.0681,0.0267,0.0150,0.0174,0.0156,0.7858,0.4294,0.4831
cat_1_2_3,nb,0.7953,0.4413,0.4533,0.4660,0.5822,0.7774,0.4108,0.0202,0.0250,0.0262,0.0405,0.0280,0.0229,0.0280,0.7692,0.4012,0.4511
cat_1_2_3,svm,0.9031,0.7396,0.7015,0.5520,0.6495,0.8239,0.4813,0.0289,0.0846,0.0710,0.0534,0.0349,0.0311,0.0380,0.7173,0.3456,0.3742
cat_1_2_sd,knn,0.8952,0.6995,0.6796,0.4295,0.5474,0.7537,0.3768,0.0197,0.0258,0.0464,0.0220,0.0123,0.0141,0.0116,0.7062,0.3359,0.3579
cat_1_2_sd,lr,0.8978,0.7431,0.6883,0.5178,0.6239,0.8049,0.4533,0.0209,0.0669,0.0666,0.0304,0.0202,0.0189,0.0214,0.7964,0.4430,0.5021
cat_1_2_sd,nb,0.8066,0.4554,0.4671,0.4792,0.5921,0.7851,0.4207,0.0225,0.0315,0.0329,0.0430,0.0302,0.0240,0.0308,0.7862,0.4217,0.4809
cat_1_2_sd,svm,0.9062,0.7481,0.7144,0.5445,0.6440,0.8199,0.4750,0.0283,0.0774,0.0613,0.0464,0.0285,0.0282,0.0305,0.7366,0.3621,0.4031
cat_1_sd,knn,0.9050,0.7570,0.7143,0.6388,0.7236,0.8336,0.5830,0.0357,0.0802,0.0690,0.0961,0.0722,0.0500,0.0890,0.8154,0.5360,0.5913
cat_1_sd,lr,0.9083,0.7628,0.7142,0.5857,0.6804,0.8326,0.5173,0.0184,0.0596,0.0471,0.0431,0.0296,0.0261,0.0343,0.8294,0.5139,0.5821
cat_1_sd,nb,0.8400,0.5205,0.5425,0.5497,0.6502,0.8192,0.4823,0.0285,0.0397,0.0392,0.0435,0.0308,0.0251,0.0343,0.8149,0.4760,0.5414
cat_1_sd,svm,0.9154,0.7715,0.7012,0.6250,0.7135,0.8324,0.5661,0.0241,0.0589,0.0561,0.0805,0.0595,0.0442,0.0699,0.8364,0.5476,0.6141
complete,knn,0.8959,0.7251,0.6795,0.3946,0.5222,0.7292,0.3535,0.0272,0.0561,0.0494,0.0193,0.0080,0.0118,0.0071,0.6934,0.3256,0.3417
complete,lr,0.8971,0.7374,0.6926,0.5132,0.6202,0.8032,0.4492,0.0213,0.0699,0.0637,0.0334,0.0212,0.0205,0.0224,0.7898,0.4344,0.4902
complete,nb,0.8031,0.4514,0.4634,0.4682,0.5839,0.7787,0.4125,0.0219,0.0293,0.0306,0.0428,0.0296,0.0241,0.0298,0.7730,0.4061,0.4578
complete,svm,0.9048,0.7430,0.7102,0.5444,0.6435,0.8201,0.4746,0.0297,0.0868,0.0845,0.0508,0.0332,0.0297,0.0358,0.6621,0.3100,0.2989
